accion,cliente,tkncliori,aliasori,tipoori,ordenante,tknclides,aliasdes,tipodes,beneficiario,concepto,importe,fecha_ejecucion,dato
4,25216799,5a85e44e-acf8-4a17-8db3-ee5d9347ec69,KPEWKWR1DT,DEB,Fatima Alberdi Buendia,9c6bc8b7-655b-41b7-a22c-58dc3571eab2,S7LHCWXTYE,DEB,Mar Garriga Llanos,Alquiler 2,1,2025-10-03,1
4,25216799,5a85e44e-acf8-4a17-8db3-ee5d9347ec69,KPEWKWR1DT,DEB,Fatima Alberdi Buendia,e72ee582-383b-4b09-805a-9df08820e8c9,GKIGDJW4CI,DEB,Pili Blazquez Pujadas,Alquiler 2,2,2025-10-03,1
4,25216799,5a85e44e-acf8-4a17-8db3-ee5d9347ec69,KPEWKWR1DT,DEB,Fatima Alberdi Buendia,2a204a10-52c7-4905-ad58-2353e0c88b8d,OIMYGMPHCG,DEB,Fernanda Vicens Puerta,Alquiler 2,3,2025-10-03,1
4,25216799,5a85e44e-acf8-4a17-8db3-ee5d9347ec69,KPEWKWR1DT,DEB,Fatima Alberdi Buendia,34857da0-a941-4fd6-a0e8-76fe1d188966,NS6D6Q1GE5,DEB,Andrés Gargallo Tudela,Alquiler 2,4,2025-10-03,1
4,25216799,5a85e44e-acf8-4a17-8db3-ee5d9347ec69,KPEWKWR1DT,DEB,Fatima Alberdi Buendia,ae860911-80a6-4ed3-8293-6e895f88949f,57PYSI8YUA,DEB,José Palomar Páez,Alquiler 2,5,2025-10-03,1
4,25216799,5a85e44e-acf8-4a17-8db3-ee5d9347ec69,KPEWKWR1DT,DEB,Fatima Alberdi Buendia,abdfafbe-b39c-4125-b05b-efd609574451,0AN8U3KFK2,DEB,Florencia Izaguirre Amador,Alquiler 2,6,2025-10-03,1
4,25216799,5a85e44e-acf8-4a17-8db3-ee5d9347ec69,KPEWKWR1DT,DEB,Fatima Alberdi Buendia,bc16862a-7a13-4425-9e60-7536b67f0dbe,ZQAW4I6UJR,DEB,Francisco Calatayud Noriega,Alquiler 2,7,2025-10-03,1
4,25216799,5a85e44e-acf8-4a17-8db3-ee5d9347ec69,KPEWKWR1DT,DEB,Fatima Alberdi Buendia,86acd92a-0d21-44b8-b34b-d1a30d1b872f,CEZ4X92N06,DEB,Alex Vélez Aroca,Alquiler 2,8,2025-10-03,1
4,25216799,5a85e44e-acf8-4a17-8db3-ee5d9347ec69,KPEWKWR1DT,DEB,Fatima Alberdi Buendia,87cac4bf-2470-4bd5-8411-bd1605dc8fee,96BGBT6ZOR,DEB,Poncio Vazquez Baeza,Alquiler 2,9,2025-10-03,1
4,25216799,5a85e44e-acf8-4a17-8db3-ee5d9347ec69,KPEWKWR1DT,DEB,Fatima Alberdi Buendia,76afba91-6b06-453a-aacb-754bdafbb1c2,T8EF8KP100,DEB,Margarita Artigas Higueras,Alquiler 2,10,2025-10-03,1
4,25216799,5a85e44e-acf8-4a17-8db3-ee5d9347ec69,KPEWKWR1DT,DEB,Fatima Alberdi Buendia,a202476e-119a-4e92-80d4-84486ea8e6fb,86Y2R2FE1W,DEB,Chus Hervás Acosta,Alquiler 2,1,2025-10-03,1
4,25216799,5a85e44e-acf8-4a17-8db3-ee5d9347ec69,KPEWKWR1DT,DEB,Fatima Alberdi Buendia,7b9bf71d-2d74-4331-8393-19ea9c5dcf7f,5BOJN6JWXO,DEB,Dolores Sáez Barrios,Alquiler 2,2,2025-10-03,1
4,25216799,5a85e44e-acf8-4a17-8db3-ee5d9347ec69,KPEWKWR1DT,DEB,Fatima Alberdi Buendia,3f26a33d-5b16-4005-8278-b0ad463b1076,FVZ299D4HD,DEB,Benigno Adadia Bauzà,Alquiler 2,3,2025-10-03,1
4,25216799,5a85e44e-acf8-4a17-8db3-ee5d9347ec69,KPEWKWR1DT,DEB,Fatima Alberdi Buendia,d6765fa1-00e9-4641-80ec-4aadc9c28d64,FCCFX6ZPFZ,DEB,Ildefonso Falcó Bellido,Alquiler 2,4,2025-10-03,1
4,25216799,5a85e44e-acf8-4a17-8db3-ee5d9347ec69,KPEWKWR1DT,DEB,Fatima Alberdi Buendia,82107a5d-1b3a-4dcc-8427-9f5a3fd10cdf,E7491YLF3P,DEB,Lorena Páez Llamas,Alquiler 2,5,2025-10-03,1
4,25216799,5a85e44e-acf8-4a17-8db3-ee5d9347ec69,KPEWKWR1DT,DEB,Fatima Alberdi Buendia,eb964386-2587-422b-b7da-6b2f6bb74ae8,IENZHS60YY,DEB,Begoña Rosell Dominguez,Alquiler 2,6,2025-10-03,1
4,25216799,5a85e44e-acf8-4a17-8db3-ee5d9347ec69,KPEWKWR1DT,DEB,Fatima Alberdi Buendia,a279002b-46c4-432d-b5b2-b77fd4dddd3f,73J4A7JBFY,DEB,Primitivo Leon Rocamora,Alquiler 2,7,2025-10-03,1
4,25216799,5a85e44e-acf8-4a17-8db3-ee5d9347ec69,KPEWKWR1DT,DEB,Fatima Alberdi Buendia,a279002b-46c4-432d-b5b2-b77fd4dddd3f,1P619N00AY,DEB,Primitivo Leon Rocamora,Alquiler 2,8,2025-10-03,1
4,25216799,5a85e44e-acf8-4a17-8db3-ee5d9347ec69,KPEWKWR1DT,DEB,Fatima Alberdi Buendia,6cb25088-9899-47e4-b3af-8976577a3b3a,VIKYZLB74D,DEB,Curro Gisbert Rey,Alquiler 2,9,2025-10-03,1
4,25216799,5a85e44e-acf8-4a17-8db3-ee5d9347ec69,KPEWKWR1DT,DEB,Fatima Alberdi Buendia,27dcaa59-9f49-45fd-8ab1-fb40f3d2b3f3,6VL5NBS488,DEB,Antonia Julián Coello,Alquiler 2,10,2025-10-03,1
4,25216799,5a85e44e-acf8-4a17-8db3-ee5d9347ec69,KPEWKWR1DT,DEB,Fatima Alberdi Buendia,616b0f11-630e-40f2-b703-7bede83baef2,AP152KJE9T,DEB,Ale Alcalá Aramburu,Alquiler 2,1,2025-10-03,1
4,25216799,5a85e44e-acf8-4a17-8db3-ee5d9347ec69,KPEWKWR1DT,DEB,Fatima Alberdi Buendia,890795d0-9342-4292-84d8-2f0cfab21735,OUK2QJNX2I,DEB,Victor Baró Valderrama,Alquiler 2,2,2025-10-03,1
4,25216799,5a85e44e-acf8-4a17-8db3-ee5d9347ec69,KPEWKWR1DT,DEB,Fatima Alberdi Buendia,6ee0ee86-2d59-4cbf-9922-7243d6edfd41,LR2ZL93P80,DEB,Alondra Bustos Alegria,Alquiler 2,3,2025-10-03,1
4,25216799,5a85e44e-acf8-4a17-8db3-ee5d9347ec69,KPEWKWR1DT,DEB,Fatima Alberdi Buendia,052ad815-ebaf-45fd-8559-cac237e92f93,21NQ9HTZJ1,DEB,Asdrubal Camino Maza,Alquiler 2,4,2025-10-03,1
4,25216799,5a85e44e-acf8-4a17-8db3-ee5d9347ec69,KPEWKWR1DT,DEB,Fatima Alberdi Buendia,81fb9c31-bda2-473a-9c1a-675519ca513f,QNYKRWOKWN,DEB,Cristian Mascaró Fabregat,Alquiler 2,5,2025-10-03,1
4,25216799,5a85e44e-acf8-4a17-8db3-ee5d9347ec69,KPEWKWR1DT,DEB,Fatima Alberdi Buendia,b6adeb75-3fe1-4240-8fa1-797b99a22bb7,TLTLXUR7UQ,DEB,Toni Carmona Llanos,Alquiler 2,6,2025-10-03,1
4,25216799,5a85e44e-acf8-4a17-8db3-ee5d9347ec69,KPEWKWR1DT,DEB,Fatima Alberdi Buendia,7efc1622-a0a6-4293-a470-4fc01030564a,M80X6E3MEY,DEB,Glauco Crespi Ferrán,Alquiler 2,7,2025-10-03,1
4,25216799,5a85e44e-acf8-4a17-8db3-ee5d9347ec69,KPEWKWR1DT,DEB,Fatima Alberdi Buendia,23f68cea-5bb6-41b7-b880-04ccac383d89,OK6KOD849H,DEB,Saturnina Ledesma Alcalde,Alquiler 2,8,2025-10-03,1
4,25216799,5a85e44e-acf8-4a17-8db3-ee5d9347ec69,KPEWKWR1DT,DEB,Fatima Alberdi Buendia,34857da0-a941-4fd6-a0e8-76fe1d188966,EPMJVVHLGQ,DEB,Andrés Gargallo Tudela,Alquiler 2,9,2025-10-03,1
4,25216799,5a85e44e-acf8-4a17-8db3-ee5d9347ec69,KPEWKWR1DT,DEB,Fatima Alberdi Buendia,ecda7f86-6393-4ab4-a895-ad6fe3da4e7b,SACZNQTO2L,DEB,Leoncio Correa Guijarro,Alquiler 2,10,2025-10-03,1
4,25216799,5a85e44e-acf8-4a17-8db3-ee5d9347ec69,KPEWKWR1DT,DEB,Fatima Alberdi Buendia,62684821-da30-4e3e-9b1a-d577fdf4ec58,7PAQQSH8VJ,DEB,Plácido Ayala Paniagua,Alquiler 2,1,2025-10-03,1
4,25216799,5a85e44e-acf8-4a17-8db3-ee5d9347ec69,KPEWKWR1DT,DEB,Fatima Alberdi Buendia,27dcaa59-9f49-45fd-8ab1-fb40f3d2b3f3,W80WMDB7LE,DEB,Antonia Julián Coello,Alquiler 2,2,2025-10-03,1
4,25216799,5a85e44e-acf8-4a17-8db3-ee5d9347ec69,KPEWKWR1DT,DEB,Fatima Alberdi Buendia,23f68cea-5bb6-41b7-b880-04ccac383d89,TPLBH2S6MY,DEB,Saturnina Ledesma Alcalde,Alquiler 2,3,2025-10-03,1
4,25216799,5a85e44e-acf8-4a17-8db3-ee5d9347ec69,KPEWKWR1DT,DEB,Fatima Alberdi Buendia,ebbdad3a-97a1-4446-91ac-9d8b42a3f87c,XH1YTWSAM5,DEB,Íñigo Alemán Gómez,Alquiler 2,4,2025-10-03,1
4,25216799,5a85e44e-acf8-4a17-8db3-ee5d9347ec69,KPEWKWR1DT,DEB,Fatima Alberdi Buendia,a03b4b4a-537d-4a56-af64-46fb9472d326,KH8W7ID5D4,DEB,María Cristina Carlos Sancho,Alquiler 2,5,2025-10-03,1
4,25216799,5a85e44e-acf8-4a17-8db3-ee5d9347ec69,KPEWKWR1DT,DEB,Fatima Alberdi Buendia,dbad628e-47ec-4d18-93db-119b7c59dffc,3B8OD6WUAN,DEB,Ciro Arroyo Posada,Alquiler 2,6,2025-10-03,1
4,25216799,5a85e44e-acf8-4a17-8db3-ee5d9347ec69,KPEWKWR1DT,DEB,Fatima Alberdi Buendia,48998864-d938-48d7-aa07-ba464fb9b787,VRLWNLNUA0,DEB,Jenny Oller Leon,Alquiler 2,7,2025-10-03,1
4,25216799,5a85e44e-acf8-4a17-8db3-ee5d9347ec69,KPEWKWR1DT,DEB,Fatima Alberdi Buendia,99f2d6d2-aa89-4a46-929e-cc865bb93167,Y9VXRC1256,DEB,Eutimio Pelayo Ibáñez,Alquiler 2,8,2025-10-03,1
4,25216799,5a85e44e-acf8-4a17-8db3-ee5d9347ec69,KPEWKWR1DT,DEB,Fatima Alberdi Buendia,ecd8f7f2-665b-4a8a-aede-f9901e8b631b,U9FHQIQ5X4,DEB,Anselma Valbuena Domínguez,Alquiler 2,9,2025-10-03,1
4,25216799,5a85e44e-acf8-4a17-8db3-ee5d9347ec69,KPEWKWR1DT,DEB,Fatima Alberdi Buendia,82107a5d-1b3a-4dcc-8427-9f5a3fd10cdf,GO1883RHID,DEB,Lorena Páez Llamas,Alquiler 2,10,2025-10-03,1
4,25216799,5a85e44e-acf8-4a17-8db3-ee5d9347ec69,KPEWKWR1DT,DEB,Fatima Alberdi Buendia,e2b56122-cb3c-4fba-b60c-df87f990f032,FO5HW0V64X,DEB,Trinidad Solana Palomino,Alquiler 2,1,2025-10-03,1
4,25216799,5a85e44e-acf8-4a17-8db3-ee5d9347ec69,KPEWKWR1DT,DEB,Fatima Alberdi Buendia,33dcb028-95b7-474f-b344-888779557979,VOHL45RGF6,DEB,Juan Antonio Frutos Suarez,Alquiler 2,2,2025-10-03,1
4,25216799,5a85e44e-acf8-4a17-8db3-ee5d9347ec69,KPEWKWR1DT,DEB,Fatima Alberdi Buendia,c286c977-fe2b-4067-9623-045fd3683d83,FCIDUJ2651,DEB,Miguel Ángel Núñez Puente,Alquiler 2,3,2025-10-03,1
4,25216799,5a85e44e-acf8-4a17-8db3-ee5d9347ec69,KPEWKWR1DT,DEB,Fatima Alberdi Buendia,f5ac3857-38d7-4bb4-8333-d8cd70875b90,XUPGWNOVCH,DEB,Carmelita Cazorla Aguirre,Alquiler 2,4,2025-10-03,1
4,25216799,5a85e44e-acf8-4a17-8db3-ee5d9347ec69,KPEWKWR1DT,DEB,Fatima Alberdi Buendia,d2877e66-6bdf-4b61-92f9-b50db6e53d4b,6VEDQ3M5FB,DEB,Fidela Corral Sevilla,Alquiler 2,5,2025-10-03,1
4,25216799,5a85e44e-acf8-4a17-8db3-ee5d9347ec69,KPEWKWR1DT,DEB,Fatima Alberdi Buendia,d2877e66-6bdf-4b61-92f9-b50db6e53d4b,UPHQSKJN4A,DEB,Fidela Corral Sevilla,Alquiler 2,6,2025-10-03,1
4,25216799,5a85e44e-acf8-4a17-8db3-ee5d9347ec69,KPEWKWR1DT,DEB,Fatima Alberdi Buendia,d2877e66-6bdf-4b61-92f9-b50db6e53d4b,TWP2HYAM6Q,DEB,Fidela Corral Sevilla,Alquiler 2,7,2025-10-03,1
4,25216799,5a85e44e-acf8-4a17-8db3-ee5d9347ec69,KPEWKWR1DT,DEB,Fatima Alberdi Buendia,b6adeb75-3fe1-4240-8fa1-797b99a22bb7,MV8AZTBYPG,DEB,Toni Carmona Llanos,Alquiler 2,8,2025-10-03,1
4,25216799,5a85e44e-acf8-4a17-8db3-ee5d9347ec69,KPEWKWR1DT,DEB,Fatima Alberdi Buendia,2ac551d0-5e8c-463f-8d05-df132d53123c,363BXMMG29,DEB,Adriana Mercader Baena,Alquiler 2,9,2025-10-03,1
4,25216799,5a85e44e-acf8-4a17-8db3-ee5d9347ec69,KPEWKWR1DT,DEB,Fatima Alberdi Buendia,65f4c69a-5e1b-4a7f-a246-55401b13356c,DB72DU34BN,DEB,Graciana Ferrer Aguilar,Alquiler 2,10,2025-10-03,1
4,25216799,5a85e44e-acf8-4a17-8db3-ee5d9347ec69,KPEWKWR1DT,DEB,Fatima Alberdi Buendia,f31367f8-d77b-48e9-8dc2-2d94603716e2,NMW6ZLTHJK,DEB,Custodia Acuña Garcia,Alquiler 2,1,2025-10-03,1
4,25216799,5a85e44e-acf8-4a17-8db3-ee5d9347ec69,KPEWKWR1DT,DEB,Fatima Alberdi Buendia,b8c200b2-dbdb-4e19-8d1d-595dfbfbd5b1,YR7SB79V79,DEB,Carla Hurtado Mendoza,Alquiler 2,2,2025-10-03,1
4,25216799,5a85e44e-acf8-4a17-8db3-ee5d9347ec69,KPEWKWR1DT,DEB,Fatima Alberdi Buendia,f485caef-1441-4f26-b6b2-92e172e52ee9,SXNQDJQWPD,DEB,Consuelo Nieto Solera,Alquiler 2,3,2025-10-03,1
4,25216799,5a85e44e-acf8-4a17-8db3-ee5d9347ec69,KPEWKWR1DT,DEB,Fatima Alberdi Buendia,a279002b-46c4-432d-b5b2-b77fd4dddd3f,U7K975WXWW,DEB,Primitivo Leon Rocamora,Alquiler 2,4,2025-10-03,1
4,25216799,5a85e44e-acf8-4a17-8db3-ee5d9347ec69,KPEWKWR1DT,DEB,Fatima Alberdi Buendia,10ce9a6b-8eae-47a1-92b6-ec1611a1d744,3RJEAPMPDX,DEB,Adolfo Ortega Amaya,Alquiler 2,5,2025-10-03,1
4,25216799,5a85e44e-acf8-4a17-8db3-ee5d9347ec69,KPEWKWR1DT,DEB,Fatima Alberdi Buendia,2b52377a-0ffe-481b-ab4d-b7e54d9cfd7a,B5GCO1J1SG,DEB,Ana Sofía Rodriguez Doménech,Alquiler 2,6,2025-10-03,1
4,25216799,5a85e44e-acf8-4a17-8db3-ee5d9347ec69,KPEWKWR1DT,DEB,Fatima Alberdi Buendia,1a4acc14-290c-4f13-893b-67c118357bfa,PA6MBBLUQ9,DEB,José Ángel Márquez Perez,Alquiler 2,7,2025-10-03,1
4,25216799,5a85e44e-acf8-4a17-8db3-ee5d9347ec69,KPEWKWR1DT,DEB,Fatima Alberdi Buendia,46f9dec7-9b47-4770-a215-6a8dfd1f0259,GZUR2OFWPN,DEB,Arturo Escamilla Martín,Alquiler 2,8,2025-10-03,1
4,25216799,5a85e44e-acf8-4a17-8db3-ee5d9347ec69,KPEWKWR1DT,DEB,Fatima Alberdi Buendia,6ee0ee86-2d59-4cbf-9922-7243d6edfd41,0J91VWHEB5,DEB,Alondra Bustos Alegria,Alquiler 2,9,2025-10-03,1
4,25216799,5a85e44e-acf8-4a17-8db3-ee5d9347ec69,KPEWKWR1DT,DEB,Fatima Alberdi Buendia,a47c3a6f-36e1-44a9-bbc1-b82c6dc42e9a,RU9SR85FU4,DEB,Chema Somoza Moll,Alquiler 2,10,2025-10-03,1
4,25216799,5a85e44e-acf8-4a17-8db3-ee5d9347ec69,KPEWKWR1DT,DEB,Fatima Alberdi Buendia,ef069939-922f-4a8d-8539-0b97196c9500,QP8FLMCP7D,DEB,Fabiola Flor Alba,Alquiler 2,1,2025-10-03,1
4,25216799,5a85e44e-acf8-4a17-8db3-ee5d9347ec69,KPEWKWR1DT,DEB,Fatima Alberdi Buendia,1de9a1dd-ecc5-4247-8ed7-0aec85df1cb3,IED7P5VX8P,DEB,Florentina Lozano Cespedes,Alquiler 2,2,2025-10-03,1
4,25216799,5a85e44e-acf8-4a17-8db3-ee5d9347ec69,KPEWKWR1DT,DEB,Fatima Alberdi Buendia,92ebae2a-1c5f-429d-bcb0-1958af25ec03,1C4VPC3V6A,DEB,Edelmiro Ordonez Ledesma,Alquiler 2,3,2025-10-03,1
4,25216799,5a85e44e-acf8-4a17-8db3-ee5d9347ec69,KPEWKWR1DT,DEB,Fatima Alberdi Buendia,9c3b410b-9f5f-4ee5-80e2-3c5524bfc7ec,N4UU1R1A13,DEB,Ruperto Barbera Granados,Alquiler 2,4,2025-10-03,1
4,25216799,5a85e44e-acf8-4a17-8db3-ee5d9347ec69,KPEWKWR1DT,DEB,Fatima Alberdi Buendia,cd3296f5-e08a-4bd0-a60b-d7add34c7c84,G2K10V5W6Y,DEB,Maximino Luna Macias,Alquiler 2,5,2025-10-03,1
4,25216799,5a85e44e-acf8-4a17-8db3-ee5d9347ec69,KPEWKWR1DT,DEB,Fatima Alberdi Buendia,8f22cbf3-51f2-47ff-bce0-6e80850fae52,FYPVH7RI16,DEB,Maria Teresa Manzano Miguel,Alquiler 2,6,2025-10-03,1
4,25216799,5a85e44e-acf8-4a17-8db3-ee5d9347ec69,KPEWKWR1DT,DEB,Fatima Alberdi Buendia,39f0f84b-e48a-4f90-a3b3-d7e275a292ae,NKTMF6F820,DEB,Angel Mateo Aramburu,Alquiler 2,7,2025-10-03,1
4,25216799,5a85e44e-acf8-4a17-8db3-ee5d9347ec69,KPEWKWR1DT,DEB,Fatima Alberdi Buendia,c0693c98-67a1-4b5f-994c-10e32252582e,JDZSVA0ICL,DEB,María Mateos Peiró,Alquiler 2,8,2025-10-03,1
4,25216799,5a85e44e-acf8-4a17-8db3-ee5d9347ec69,KPEWKWR1DT,DEB,Fatima Alberdi Buendia,b8a28a0d-c1a2-4270-a6e4-ffae040dc050,QOBH7SNFPC,DEB,Juanita Melero Pinilla,Alquiler 2,9,2025-10-03,1
4,25216799,5a85e44e-acf8-4a17-8db3-ee5d9347ec69,KPEWKWR1DT,DEB,Fatima Alberdi Buendia,ae860911-80a6-4ed3-8293-6e895f88949f,T3VJIEQCOP,DEB,José Palomar Páez,Alquiler 2,10,2025-10-03,1
4,25216799,5a85e44e-acf8-4a17-8db3-ee5d9347ec69,KPEWKWR1DT,DEB,Fatima Alberdi Buendia,1de9a1dd-ecc5-4247-8ed7-0aec85df1cb3,S0DGZM5DKB,DEB,Florentina Lozano Cespedes,Alquiler 2,1,2025-10-03,1
4,25216799,5a85e44e-acf8-4a17-8db3-ee5d9347ec69,KPEWKWR1DT,DEB,Fatima Alberdi Buendia,24a9aea6-206f-406c-b075-a54cf479acf1,R4CQWFIZ2L,DEB,Ruth Pedrero Báez,Alquiler 2,2,2025-10-03,1
4,25216799,5a85e44e-acf8-4a17-8db3-ee5d9347ec69,KPEWKWR1DT,DEB,Fatima Alberdi Buendia,bc6b7f6c-9af0-4c13-9e8e-cbf53b4d28c2,7BSTB9VAWJ,DEB,Xavier Sedano Perera,Alquiler 2,3,2025-10-03,1
4,25216799,5a85e44e-acf8-4a17-8db3-ee5d9347ec69,KPEWKWR1DT,DEB,Fatima Alberdi Buendia,96b54ea6-0e5e-4637-b471-4c55df305cbc,X4DU2943MZ,DEB,Alexandra Almansa Castelló,Alquiler 2,4,2025-10-03,1
4,25216799,5a85e44e-acf8-4a17-8db3-ee5d9347ec69,KPEWKWR1DT,DEB,Fatima Alberdi Buendia,37a73826-25c0-48a4-b776-35d8200786f6,SKZWP3JX32,DEB,Teo Mas Espada,Alquiler 2,5,2025-10-03,1
4,25216799,5a85e44e-acf8-4a17-8db3-ee5d9347ec69,KPEWKWR1DT,DEB,Fatima Alberdi Buendia,cd3296f5-e08a-4bd0-a60b-d7add34c7c84,7ERHEDKCQ8,DEB,Maximino Luna Macias,Alquiler 2,6,2025-10-03,1
4,25216799,5a85e44e-acf8-4a17-8db3-ee5d9347ec69,KPEWKWR1DT,DEB,Fatima Alberdi Buendia,f34117e0-bebc-490d-bf90-68029903784e,5UW6WZOEGZ,DEB,Wilfredo Serra Pellicer,Alquiler 2,7,2025-10-03,1
4,25216799,5a85e44e-acf8-4a17-8db3-ee5d9347ec69,KPEWKWR1DT,DEB,Fatima Alberdi Buendia,a2d0d866-eab2-4b46-a9ac-018232aadfca,HQ1O9L2UP7,DEB,Azucena Carvajal Delgado,Alquiler 2,8,2025-10-03,1
4,25216799,5a85e44e-acf8-4a17-8db3-ee5d9347ec69,KPEWKWR1DT,DEB,Fatima Alberdi Buendia,2daa371d-882b-4239-a514-f196e27ae8a6,21IA9JDEV4,DEB,Martín Aroca Palomino,Alquiler 2,9,2025-10-03,1
4,25216799,5a85e44e-acf8-4a17-8db3-ee5d9347ec69,KPEWKWR1DT,DEB,Fatima Alberdi Buendia,258d820b-9bf2-4014-8a60-cde130582667,IC7ION08E5,DEB,Iván Arnaiz Machado,Alquiler 2,10,2025-10-03,1
4,25216799,5a85e44e-acf8-4a17-8db3-ee5d9347ec69,KPEWKWR1DT,DEB,Fatima Alberdi Buendia,101fbd74-c9b2-480c-8a51-cc9d03e8eac8,OF1IN9CSDZ,DEB,Cebrián Pérez Benítez,Alquiler 2,1,2025-10-03,1
4,25216799,5a85e44e-acf8-4a17-8db3-ee5d9347ec69,KPEWKWR1DT,DEB,Fatima Alberdi Buendia,42238948-888c-4332-b1bf-9379d125a947,MBV9GNS8CP,DEB,Flavia Sans Alberola,Alquiler 2,2,2025-10-03,1
4,25216799,5a85e44e-acf8-4a17-8db3-ee5d9347ec69,KPEWKWR1DT,DEB,Fatima Alberdi Buendia,fa23e5d1-3f82-47a8-9874-932ba554b740,WXGZDCLK3S,DEB,Anastasia Contreras Garrido,Alquiler 2,3,2025-10-03,1
4,25216799,5a85e44e-acf8-4a17-8db3-ee5d9347ec69,KPEWKWR1DT,DEB,Fatima Alberdi Buendia,a2445fb4-d58b-4685-aede-72e88422dadb,BLS3MO2VCK,DEB,Tere Pozo Abascal,Alquiler 2,4,2025-10-03,1
4,25216799,5a85e44e-acf8-4a17-8db3-ee5d9347ec69,KPEWKWR1DT,DEB,Fatima Alberdi Buendia,10c78bb6-0aae-4e5d-b360-2208aac70ea1,F78W5RNF5Z,DEB,Yolanda Quero Sotelo,Alquiler 2,5,2025-10-03,1
4,25216799,5a85e44e-acf8-4a17-8db3-ee5d9347ec69,KPEWKWR1DT,DEB,Fatima Alberdi Buendia,383fcfde-59d8-4d97-ade6-bdc1babe9d08,K8ZVXEC4CQ,DEB,Vilma Ruano Uribe,Alquiler 2,6,2025-10-03,1
4,25216799,5a85e44e-acf8-4a17-8db3-ee5d9347ec69,KPEWKWR1DT,DEB,Fatima Alberdi Buendia,23bf2d22-ec3b-41c1-b52b-e8eb53a8518b,JKWGC9K3IY,DEB,Luz Tur Escamilla,Alquiler 2,7,2025-10-03,1
4,25216799,5a85e44e-acf8-4a17-8db3-ee5d9347ec69,KPEWKWR1DT,DEB,Fatima Alberdi Buendia,33dbb816-cd66-44a2-ba45-184868573c90,NU4I3E1DG1,DEB,Toribio Ponce Blasco,Alquiler 2,8,2025-10-03,1
4,25216799,5a85e44e-acf8-4a17-8db3-ee5d9347ec69,KPEWKWR1DT,DEB,Fatima Alberdi Buendia,2798a063-c37f-4146-828d-3c1980bee6ba,MXA9JPMISE,DEB,Morena Montaña Terrón,Alquiler 2,9,2025-10-03,1
4,25216799,5a85e44e-acf8-4a17-8db3-ee5d9347ec69,KPEWKWR1DT,DEB,Fatima Alberdi Buendia,5fbcb829-79fd-4d63-ad3e-407019d589f1,5CBPUA465E,DEB,Guillermo Cantero Verdú,Alquiler 2,10,2025-10-03,1
4,25216799,5a85e44e-acf8-4a17-8db3-ee5d9347ec69,KPEWKWR1DT,DEB,Fatima Alberdi Buendia,eb5c4648-fadb-4c75-90a5-47cd7fde4a0c,PHL5F0JEX2,DEB,Blas Garay Sola,Alquiler 2,1,2025-10-03,1
4,25216799,5a85e44e-acf8-4a17-8db3-ee5d9347ec69,KPEWKWR1DT,DEB,Fatima Alberdi Buendia,941cb7d0-d605-4cfb-b268-e8179e9a8c02,A46EKIC2IY,DEB,Lucho Soto Botella,Alquiler 2,2,2025-10-03,1
4,25216799,5a85e44e-acf8-4a17-8db3-ee5d9347ec69,KPEWKWR1DT,DEB,Fatima Alberdi Buendia,794f7177-58de-4ab7-9cb2-a9a30b5b84a3,Y3M0K02W54,DEB,Graciano Capdevila Álvarez,Alquiler 2,3,2025-10-03,1
4,25216799,5a85e44e-acf8-4a17-8db3-ee5d9347ec69,KPEWKWR1DT,DEB,Fatima Alberdi Buendia,ebbdad3a-97a1-4446-91ac-9d8b42a3f87c,DAXSNLJBQ3,DEB,Íñigo Alemán Gómez,Alquiler 2,4,2025-10-03,1
4,25216799,5a85e44e-acf8-4a17-8db3-ee5d9347ec69,KPEWKWR1DT,DEB,Fatima Alberdi Buendia,3f324f86-fad3-4645-874b-a3d17f115f5c,7ZUNUUZ36H,DEB,Anselmo Martí Narváez,Alquiler 2,5,2025-10-03,1
4,25216799,5a85e44e-acf8-4a17-8db3-ee5d9347ec69,KPEWKWR1DT,DEB,Fatima Alberdi Buendia,0f63e45c-77ae-4f01-ab3b-776af365fc59,9RK1FGG8UQ,DEB,Alonso Almagro Calderón,Alquiler 2,6,2025-10-03,1
4,25216799,5a85e44e-acf8-4a17-8db3-ee5d9347ec69,KPEWKWR1DT,DEB,Fatima Alberdi Buendia,b8c2f99f-f6b7-4e9f-8811-7c06a7136f65,B058MMAPYA,DEB,Ema García Barragán,Alquiler 2,7,2025-10-03,1
4,25216799,5a85e44e-acf8-4a17-8db3-ee5d9347ec69,KPEWKWR1DT,DEB,Fatima Alberdi Buendia,bbf3b617-de65-4a6b-a628-42ea130a5ed9,WS4L7RN9K1,DEB,Loida Llorens Hoz,Alquiler 2,8,2025-10-03,1
4,25216799,5a85e44e-acf8-4a17-8db3-ee5d9347ec69,KPEWKWR1DT,DEB,Fatima Alberdi Buendia,6cb25088-9899-47e4-b3af-8976577a3b3a,GJD3GU5QBP,DEB,Curro Gisbert Rey,Alquiler 2,9,2025-10-03,1
4,25216799,5a85e44e-acf8-4a17-8db3-ee5d9347ec69,KPEWKWR1DT,DEB,Fatima Alberdi Buendia,4fd418cb-0f77-43f1-acab-e43cf9101011,F4MOLNFLIV,DEB,Bibiana Reyes Vives,Alquiler 2,10,2025-10-03,1
4,25216799,5a85e44e-acf8-4a17-8db3-ee5d9347ec69,KPEWKWR1DT,DEB,Fatima Alberdi Buendia,aae6947c-59df-475d-af36-347612ad3812,ZSLY3B4JEV,DEB,Severiano Campo Moya,Alquiler 2,1,2025-10-03,1
4,25216799,5a85e44e-acf8-4a17-8db3-ee5d9347ec69,KPEWKWR1DT,DEB,Fatima Alberdi Buendia,7c98b951-9fba-4090-b20c-be3379814267,CWBQWKJCKO,DEB,Ruperto Guardia Cabello,Alquiler 2,2,2025-10-03,1
4,25216799,5a85e44e-acf8-4a17-8db3-ee5d9347ec69,KPEWKWR1DT,DEB,Fatima Alberdi Buendia,a2cd99ef-c2ad-4aea-aa51-a7f7b7a145e3,RJMISB6VDN,DEB,Rafa Arenas Almazan,Alquiler 2,3,2025-10-03,1
4,25216799,5a85e44e-acf8-4a17-8db3-ee5d9347ec69,KPEWKWR1DT,DEB,Fatima Alberdi Buendia,21a9c414-d323-46e4-b59f-aee1a9101d13,DBNDG630FH,DEB,Agustina Tapia Tejera,Alquiler 2,4,2025-10-03,1
4,25216799,5a85e44e-acf8-4a17-8db3-ee5d9347ec69,KPEWKWR1DT,DEB,Fatima Alberdi Buendia,55ab76be-59bf-404d-ba3a-910ef9be803e,5XS48TC8E0,DEB,Benjamin Torrecilla Pla,Alquiler 2,5,2025-10-03,1
4,25216799,5a85e44e-acf8-4a17-8db3-ee5d9347ec69,KPEWKWR1DT,DEB,Fatima Alberdi Buendia,0e5fcbef-8ad9-41a7-b948-b1faeee06016,JVWGPJR8E2,DEB,Rodrigo Gordillo Sáenz,Alquiler 2,6,2025-10-03,1
